{
  "Users" : {
    "rs8haxn5QiatzuSVZ8mml67G59W2" : {
      "celular" : 76445278,
      "electroconductividad" : 1.3,
      "email" : "nerakqd19@gmail.com",
      "nombre" : "Karen",
      "nombreUsuario" : "renka",
      "pH" : 12,
      "primerApellido" : "Quiroz",
      "segundoApellido" : "Diaz",
      "temperatura" : 25
    },
    "sIlsFDoA1hPrwADPvsXdqdK2m2P2" : {
      "celular" : 75485256,
      "electroconductividad" : 0.8,
      "email" : "jorgeyampara24@gmail.com",
      "nombre" : "Jorge",
      "nombreUsuario" : "res",
      "pH" : 11,
      "primerApellido" : "Yampara",
      "segundoApellido" : "Manzaneda",
      "temperatura" : 28
    }
  }
}
